Field Name,Description
STATCD,Data_Reported_from: State code
DISTCD,Data_Reported_from: District Code
STATNAME,Data_Reported_from: State name
DISTNAME,Data_Reported_from: District name
DISTRICTS,Data_Reported_from: No. of district
BLOCKS,Data_Reported_from: No. of blocks
VILLAGES,Data_Reported_from: No. of villages
CLUSTERS,Data_Reported_from: No. of clusters
TOTPOPULAT,Basic_data_from_Census_2011: Total_Population(in_1000's)
P_URB_POP,Basic_data_from_Census_2011: Percentage_Urban_Population
POPULATION_0_6,Basic_data_from_Census_2011: Percentage_Population_of_Age_Group_0-6
GROWTHRATE,Basic_data_from_Census_2011: Growth_Rate
SEXRATIO,Basic_data_from_Census_2011: Sex_Ratio
P_SC_POP,Basic_data_from_Census_2011: Percentage_SC_Population
P_ST_POP,Basic_data_from_Census_2011: Percentage_ST_Population
OVERALL_LI,Basic_data_from_Census_2011: Literacy_Rate
FEMALE_LIT,Basic_data_from_Census_2011: Female_Literacy_Rate
MALE_LIT,Basic_data_from_Census_2011: Male_Literacy_Rate
AREA_SQKM,Basic_data_from_Census_2011: Area_(Sq._KM)
TOT_6_10_15,Projected_Population_: Age_Group_6_to_10
TOT_11_13_15,Projected_Population_: Age_Group_11_to_13
SCH1,Schools_By_Category: Primary_Only
SCH2,Schools_By_Category: Primary_with_Upper_Primary
SCH3,Schools_By_Category: Primary_with_upper_Primary_Sec/H.Sec
SCH4,Schools_By_Category: Upper_Primary_Only
SCH5,Schools_By_Category: Upper_Primary_with_Sec./H.Sec
SCH6,Schools_By_Category: Primary_with_upper_Primary_Sec
SCH7,Schools_By_Category: Upper_Primary_with_Sec.
SCH9,Schools_By_Category: No_Response
SCHTOT,Schools_By_Category: Total
SCH1G,Schools_by_Category:_Government: Primary_Only
SCH2G,Schools_by_Category:_Government: Primary_with_Upper_Primary
SCH3G,Schools_by_Category:_Government: Primary_with_upper_Primary_Sec/H.Sec
SCH4G,Schools_by_Category:_Government: Upper_Primary_Only
SCH5G,Schools_by_Category:_Government: Upper_Primary_with_Sec./H.Sec
SCH6G,Schools_by_Category:_Government: Primary_with_upper_Primary_Sec
SCH7G,Schools_by_Category:_Government: Upper_Primary_with_Sec.
SCH9G,Schools_by_Category:_Government: No_Response
SCHTOTG,Schools_by_Category:_Government: Total
SCH1P,Schools_by_Category:_Private_: Primary_Only
SCH2P,Schools_by_Category:_Private_: Primary_with_Upper_Primary
SCH3P,Schools_by_Category:_Private_: Primary_with_upper_Primary_Sec/H.Sec
SCH4P,Schools_by_Category:_Private_: Upper_Primary_Only
SCH5P,Schools_by_Category:_Private_: Upper_Primary_with_Sec./H.Sec
SCH6P,Schools_by_Category:_Private_: Primary_with_upper_Primary_Sec
SCH7P,Schools_by_Category:_Private_: Upper_Primary_with_Sec.
SCH9P,Schools_by_Category:_Private_: No_Response
SCHTOTP,Schools_by_Category:_Private_: Total
SCH1M,Schools_by_Category:_Madarsas_&_Unrecognised: Primary_Only
SCH2M,Schools_by_Category:_Madarsas_&_Unrecognised: Primary_with_Upper_Primary
SCH3M,Schools_by_Category:_Madarsas_&_Unrecognised: Primary_with_upper_Primary_Sec/H.Sec
SCH4M,Schools_by_Category:_Madarsas_&_Unrecognised: Upper_Primary_Only
SCH5M,Schools_by_Category:_Madarsas_&_Unrecognised: Upper_Primary_with_Sec./H.Sec
SCH6M,Schools_by_Category:_Madarsas_&_Unrecognised: Primary_with_upper_Primary_Sec
SCH7M,Schools_by_Category:_Madarsas_&_Unrecognised: Upper_Primary_with_Sec.
SCH9M,Schools_by_Category:_Madarsas_&_Unrecognised: No_Response
SCHTOTM,Schools_by_Category:_Madarsas_&_Unrecognised: Total
SCH1GR,Government_Schools_by_Category_Rural: Primary_Only
SCH2GR,Government_Schools_by_Category_Rural: Primary_with_Upper_Primary
SCH3GR,Government_Schools_by_Category_Rural: Primary_with_upper_Primary_Sec/H.Sec
SCH4GR,Government_Schools_by_Category_Rural: Upper_Primary_Only
SCH5GR,Government_Schools_by_Category_Rural: Upper_Primary_with_Sec./H.Sec
SCH6GR,Government_Schools_by_Category_Rural: Primary_with_upper_Primary_Sec
SCH7GR,Government_Schools_by_Category_Rural: Upper_Primary_with_Sec.
SCH9GR,Government_Schools_by_Category_Rural: No_Response
SCHTOTGR,Government_Schools_by_Category_Rural: Total
SCH1GA,Schools_by_Category:_Government_&_Aided_: Primary_Only
SCH2GA,Schools_by_Category:_Government_&_Aided_: Primary_with_Upper_Primary
SCH3GA,Schools_by_Category:_Government_&_Aided_: Primary_with_upper_Primary_Sec/H.Sec
SCH4GA,Schools_by_Category:_Government_&_Aided_: Upper_Primary_Only
SCH5GA,Schools_by_Category:_Government_&_Aided_: Upper_Primary_with_Sec./H.Sec
SCH6GA,Schools_by_Category:_Government_&_Aided_: Primary_with_upper_Primary_Sec
SCH7GA,Schools_by_Category:_Government_&_Aided_: Upper_Primary_with_Sec.
SCH9GA,Schools_by_Category:_Government_&_Aided_: No_Response
SCHTOTGA,Schools_by_Category:_Government_&_Aided_: Total
SCH1PR,Private_Schools_by_Category_Rural: Primary_Only
SCH2PR,Private_Schools_by_Category_Rural: Primary_with_Upper_Primary
SCH3PR,Private_Schools_by_Category_Rural: Primary_with_upper_Primary_Sec/H.Sec
SCH4PR,Private_Schools_by_Category_Rural: Upper_Primary_Only
SCH5PR,Private_Schools_by_Category_Rural: Upper_Primary_with_Sec./H.Sec
SCH6PR,Private_Schools_by_Category_Rural: Primary_with_upper_Primary_Sec
SCH7PR,Private_Schools_by_Category_Rural: Upper_Primary_with_Sec.
SCH9PR,Private_Schools_by_Category_Rural: No_Response
SCHTOTPR,Private_Schools_by_Category_Rural: Total
SCHBOY1,Schools_by_Category:_Boys_Only: Primary_Only
SCHBOY2,Schools_by_Category:_Boys_Only: Primary_with_Upper_Primary
SCHBOY3,Schools_by_Category:_Boys_Only: Primary_with_upper_Primary_Sec/H.Sec
SCHBOY4,Schools_by_Category:_Boys_Only: Upper_Primary_Only
SCHBOY5,Schools_by_Category:_Boys_Only: Upper_Primary_with_Sec./H.Sec
SCHBOY6,Schools_by_Category:_Boys_Only: Primary_with_upper_Primary_Sec
SCHBOY7,Schools_by_Category:_Boys_Only: Upper_Primary_with_Sec.
SCHBOY9,Schools_by_Category:_Boys_Only: No_Response
SCHBOYTOT,Schools_by_Category:_Boys_Only: Total
SCHGIR1,Schools_by_Category:_Girls_Only: Primary_Only
SCHGIR2,Schools_by_Category:_Girls_Only: Primary_with_Upper_Primary
SCHGIR3,Schools_by_Category:_Girls_Only: Primary_with_upper_Primary_Sec/H.Sec
SCHGIR4,Schools_by_Category:_Girls_Only: Upper_Primary_Only
SCHGIR5,Schools_by_Category:_Girls_Only: Upper_Primary_with_Sec./H.Sec
SCHGIR6,Schools_by_Category:_Girls_Only: Primary_with_upper_Primary_Sec
SCHGIR7,Schools_by_Category:_Girls_Only: Upper_Primary_with_Sec.
SCHGIR9,Schools_by_Category:_Girls_Only: No_Response
SCHGIRTOT,Schools_by_Category:_Girls_Only: Total
ENR1,Elementary_Enrolment_by_School_Category: Primary_Only
ENR2,Elementary_Enrolment_by_School_Category: Primary_with_Upper_Primary
ENR3,Elementary_Enrolment_by_School_Category: Primary_with_upper_Primary_Sec/H.Sec
ENR4,Elementary_Enrolment_by_School_Category: Upper_Primary_Only
ENR5,Elementary_Enrolment_by_School_Category: Upper_Primary_with_Sec./H.Sec
ENR6,Elementary_Enrolment_by_School_Category: Primary_with_upper_Primary_Sec
ENR7,Elementary_Enrolment_by_School_Category: Upper_Primary_with_Sec.
ENR9,Elementary_Enrolment_by_School_Category: No_Response
ENRTOT,Elementary_Enrolment_by_School_Category: Total
ENR1G,Elementary_Enrolment_by_School_Category_(Government): Primary_Only
ENR2G,Elementary_Enrolment_by_School_Category_(Government): Primary_with_Upper_Primary
ENR3G,Elementary_Enrolment_by_School_Category_(Government): Primary_with_upper_Primary_Sec/H.Sec
ENR4G,Elementary_Enrolment_by_School_Category_(Government): Upper_Primary_Only
ENR5G,Elementary_Enrolment_by_School_Category_(Government): Upper_Primary_with_Sec./H.Sec
ENR6G,Elementary_Enrolment_by_School_Category_(Government): Primary_with_upper_Primary_Sec
ENR7G,Elementary_Enrolment_by_School_Category_(Government): Upper_Primary_with_Sec.
ENR9G,Elementary_Enrolment_by_School_Category_(Government): No_Response
ENRTOTG,Elementary_Enrolment_by_School_Category_(Government): Total
ENR1P,Elementary_Enrolment_by_School_Category_(Private): Primary_Only
ENR2P,Elementary_Enrolment_by_School_Category_(Private): Primary_with_Upper_Primary
ENR3P,Elementary_Enrolment_by_School_Category_(Private): Primary_with_upper_Primary_Sec/H.Sec
ENR4P,Elementary_Enrolment_by_School_Category_(Private): Upper_Primary_Only
ENR5P,Elementary_Enrolment_by_School_Category_(Private): Upper_Primary_with_Sec./H.Sec
ENR6P,Elementary_Enrolment_by_School_Category_(Private): Primary_with_upper_Primary_Sec
ENR7P,Elementary_Enrolment_by_School_Category_(Private): Upper_Primary_with_Sec.
ENR9P,Elementary_Enrolment_by_School_Category_(Private): No_Response
ENRTOTP,Elementary_Enrolment_by_School_Category_(Private): Total
ENR1M,Elementary_Enrolment_by_School_Category_(Madarsas_and_UnRecognized): Primary_Only
ENR2M,Elementary_Enrolment_by_School_Category_(Madarsas_and_UnRecognized): Primary_with_Upper_Primary
ENR3M,Elementary_Enrolment_by_School_Category_(Madarsas_and_UnRecognized): Primary_with_upper_Primary_Sec/H.Sec
ENR4M,Elementary_Enrolment_by_School_Category_(Madarsas_and_UnRecognized): Upper_Primary_Only
ENR5M,Elementary_Enrolment_by_School_Category_(Madarsas_and_UnRecognized): Upper_Primary_with_Sec./H.Sec
ENR6M,Elementary_Enrolment_by_School_Category_(Madarsas_and_UnRecognized): Primary_with_upper_Primary_Sec
ENR7M,Elementary_Enrolment_by_School_Category_(Madarsas_and_UnRecognized): Upper_Primary_with_Sec.
ENR9M,Elementary_Enrolment_by_School_Category_(Madarsas_and_UnRecognized): No_Response
ENRTOTM,Elementary_Enrolment_by_School_Category_(Madarsas_and_UnRecognized): Total
ENR1GR,Elementary_Enrolment_by_School_Category_(Government)_Rural: Primary_Only
ENR2GR,Elementary_Enrolment_by_School_Category_(Government)_Rural: Primary_with_Upper_Primary
ENR3GR,Elementary_Enrolment_by_School_Category_(Government)_Rural: Primary_with_upper_Primary_Sec/H.Sec
ENR4GR,Elementary_Enrolment_by_School_Category_(Government)_Rural: Upper_Primary_Only
ENR5GR,Elementary_Enrolment_by_School_Category_(Government)_Rural: Upper_Primary_with_Sec./H.Sec
ENR6GR,Elementary_Enrolment_by_School_Category_(Government)_Rural: Primary_with_upper_Primary_Sec
ENR7GR,Elementary_Enrolment_by_School_Category_(Government)_Rural: Upper_Primary_with_Sec.
ENR9GR,Elementary_Enrolment_by_School_Category_(Government)_Rural: No_Response
ENRTOTGR,Elementary_Enrolment_by_School_Category_(Government)_Rural: Total
ENR1PR,Elementary_Enrolment_by_School_Category_(Private)_Rural: Primary_Only
ENR2PR,Elementary_Enrolment_by_School_Category_(Private)_Rural: Primary_with_Upper_Primary
ENR3PR,Elementary_Enrolment_by_School_Category_(Private)_Rural: Primary_with_upper_Primary_Sec/H.Sec
ENR4PR,Elementary_Enrolment_by_School_Category_(Private)_Rural: Upper_Primary_Only
ENR5PR,Elementary_Enrolment_by_School_Category_(Private)_Rural: Upper_Primary_with_Sec./H.Sec
ENR6PR,Elementary_Enrolment_by_School_Category_(Private)_Rural: Primary_with_upper_Primary_Sec
ENR7PR,Elementary_Enrolment_by_School_Category_(Private)_Rural: Upper_Primary_with_Sec.
ENR9PR,Elementary_Enrolment_by_School_Category_(Private)_Rural: No_Response
ENRTOTPR,Elementary_Enrolment_by_School_Category_(Private)_Rural: Total
TCH1G,Teachers_by_School_Category_(Government): Primary_Only
TCH2G,Teachers_by_School_Category_(Government): Primary_with_Upper_Primary
TCH3G,Teachers_by_School_Category_(Government): Primary_with_upper_Primary_Sec/H.Sec
TCH4G,Teachers_by_School_Category_(Government): Upper_Primary_Only
TCH5G,Teachers_by_School_Category_(Government): Upper_Primary_with_Sec./H.Sec
TCH6G,Teachers_by_School_Category_(Government): Primary_with_upper_Primary_Sec
TCH7G,Teachers_by_School_Category_(Government): Upper_Primary_with_Sec.
TCH9G,Teachers_by_School_Category_(Government): No_Response
TCHTOTG,Teachers_by_School_Category_(Government): Total
TCH1P,Teachers_by_School_Category_(Private): Primary_Only
TCH2P,Teachers_by_School_Category_(Private): Primary_with_Upper_Primary
TCH3P,Teachers_by_School_Category_(Private): Primary_with_upper_Primary_Sec/H.Sec
TCH4P,Teachers_by_School_Category_(Private): Upper_Primary_Only
TCH5P,Teachers_by_School_Category_(Private): Upper_Primary_with_Sec./H.Sec
TCH6P,Teachers_by_School_Category_(Private): Primary_with_upper_Primary_Sec
TCH7P,Teachers_by_School_Category_(Private): Upper_Primary_with_Sec.
TCH9P,Teachers_by_School_Category_(Private): No_Response
TCHTOTP,Teachers_by_School_Category_(Private): Total
TCH1M,Teachers_by_School_Category_(Madarsas_and_UnRcognized): Primary_Only
TCH2M,Teachers_by_School_Category_(Madarsas_and_UnRcognized): Primary_with_Upper_Primary
TCH3M,Teachers_by_School_Category_(Madarsas_and_UnRcognized): Primary_with_upper_Primary_Sec/H.Sec
TCH4M,Teachers_by_School_Category_(Madarsas_and_UnRcognized): Upper_Primary_Only
TCH5M,Teachers_by_School_Category_(Madarsas_and_UnRcognized): Upper_Primary_with_Sec./H.Sec
TCH6M,Teachers_by_School_Category_(Madarsas_and_UnRcognized): Primary_with_upper_Primary_Sec
TCH7M,Teachers_by_School_Category_(Madarsas_and_UnRcognized): Upper_Primary_with_Sec.
TCH9M,Teachers_by_School_Category_(Madarsas_and_UnRcognized): No_Response
TCHTOTM,Teachers_by_School_Category_(Madarsas_and_UnRcognized): Total
SCLS1,Single-Classroom_Schools: Primary_Only
SCLS2,Single-Classroom_Schools: Primary_with_Upper_Primary
SCLS3,Single-Classroom_Schools: Primary_with_upper_Primary_Sec/H.Sec
SCLS4,Single-Classroom_Schools: Upper_Primary_Only
SCLS5,Single-Classroom_Schools: Upper_Primary_with_Sec./H.Sec
SCLS6,Single-Classroom_Schools: Primary_with_upper_Primary_Sec
SCLS7,Single-Classroom_Schools: Upper_Primary_with_Sec.
SCLSTOT,Single-Classroom_Schools: Total
STCH1,Single-Teacher_Schools: Primary_Only
STCH2,Single-Teacher_Schools: Primary_with_Upper_Primary
STCH3,Single-Teacher_Schools: Primary_with_upper_Primary_Sec/H.Sec
STCH4,Single-Teacher_Schools: Upper_Primary_Only
STCH5,Single-Teacher_Schools: Upper_Primary_with_Sec./H.Sec
STCH6,Single-Teacher_Schools: Primary_with_upper_Primary_Sec
STCH7,Single-Teacher_Schools: Upper_Primary_with_Sec.
STCHTOT,Single-Teacher_Schools: Total
ROAD1,Schools_Approachable_by_All_Weather_Road: Primary_Only
ROAD2,Schools_Approachable_by_All_Weather_Road: Primary_with_Upper_Primary
ROAD3,Schools_Approachable_by_All_Weather_Road: Primary_with_upper_Primary_Sec/H.Sec
ROAD4,Schools_Approachable_by_All_Weather_Road: Upper_Primary_Only
ROAD5,Schools_Approachable_by_All_Weather_Road: Upper_Primary_with_Sec./H.Sec
ROAD6,Schools_Approachable_by_All_Weather_Road: Primary_with_upper_Primary_Sec
ROAD7,Schools_Approachable_by_All_Weather_Road: Upper_Primary_with_Sec.
ROADTOT,Schools_Approachable_by_All_Weather_Road: Total
SPLAY1,Schools_with_Playground_Facility: Primary_Only
SPLAY2,Schools_with_Playground_Facility: Primary_with_Upper_Primary
SPLAY3,Schools_with_Playground_Facility: Primary_with_upper_Primary_Sec/H.Sec
SPLAY4,Schools_with_Playground_Facility: Upper_Primary_Only
SPLAY5,Schools_with_Playground_Facility: Upper_Primary_with_Sec./H.Sec
SPLAY6,Schools_with_Playground_Facility: Primary_with_upper_Primary_Sec
SPLAY7,Schools_with_Playground_Facility: Upper_Primary_with_Sec.
SPLAYTOT,Schools_with_Playground_Facility: Total
SBNDR1,Schools_with_Boundarywall: Primary_Only
SBNDR2,Schools_with_Boundarywall: Primary_with_Upper_Primary
SBNDR3,Schools_with_Boundarywall: Primary_with_upper_Primary_Sec/H.Sec
SBNDR4,Schools_with_Boundarywall: Upper_Primary_Only
SBNDR5,Schools_with_Boundarywall: Upper_Primary_with_Sec./H.Sec
SBNDR6,Schools_with_Boundarywall: Primary_with_upper_Primary_Sec
SBNDR7,Schools_with_Boundarywall: Upper_Primary_with_Sec.
SBNDRTOT,Schools_with_Boundarywall: Total
SGTOIL1,Schools_with_Girls'_Toilet: Primary_Only
SGTOIL2,Schools_with_Girls'_Toilet: Primary_with_Upper_Primary
SGTOIL3,Schools_with_Girls'_Toilet: Primary_with_upper_Primary_Sec/H.Sec
SGTOIL4,Schools_with_Girls'_Toilet: Upper_Primary_Only
SGTOIL5,Schools_with_Girls'_Toilet: Upper_Primary_with_Sec./H.Sec
SGTOIL6,Schools_with_Girls'_Toilet: Primary_with_upper_Primary_Sec
SGTOIL7,Schools_with_Girls'_Toilet: Upper_Primary_with_Sec.
SGTOILTOT,Schools_with_Girls'_Toilet: Total
SBTOIL1,Schools_with_Boys'_Toilet: Primary_Only
SBTOIL2,Schools_with_Boys'_Toilet: Primary_with_Upper_Primary
SBTOIL3,Schools_with_Boys'_Toilet: Primary_with_upper_Primary_Sec/H.Sec
SBTOIL4,Schools_with_Boys'_Toilet: Upper_Primary_Only
SBTOIL5,Schools_with_Boys'_Toilet: Upper_Primary_with_Sec./H.Sec
SBTOIL6,Schools_with_Boys'_Toilet: Primary_with_upper_Primary_Sec
SBTOIL7,Schools_with_Boys'_Toilet: Upper_Primary_with_Sec.
SBTOILTOT,Schools_with_Boys'_Toilet: Total
SWAT1,Schools_with_Drinking_Water: Primary_Only
SWAT2,Schools_with_Drinking_Water: Primary_with_Upper_Primary
SWAT3,Schools_with_Drinking_Water: Primary_with_upper_Primary_Sec/H.Sec
SWAT4,Schools_with_Drinking_Water: Upper_Primary_Only
SWAT5,Schools_with_Drinking_Water: Upper_Primary_with_Sec./H.Sec
SWAT6,Schools_with_Drinking_Water: Primary_with_upper_Primary_Sec
SWAT7,Schools_with_Drinking_Water: Upper_Primary_with_Sec.
SWATTOT,Schools_with_Drinking_Water: Total
SELE1,Schools_with_Electricity: Primary_Only
SELE2,Schools_with_Electricity: Primary_with_Upper_Primary
SELE3,Schools_with_Electricity: Primary_with_upper_Primary_Sec/H.Sec
SELE4,Schools_with_Electricity: Upper_Primary_Only
SELE5,Schools_with_Electricity: Upper_Primary_with_Sec./H.Sec
SELE6,Schools_with_Electricity: Primary_with_upper_Primary_Sec
SELE7,Schools_with_Electricity: Upper_Primary_with_Sec.
SELETOT,Schools_with_Electricity: Total
SCOMP1,Schools_with_Computer: Primary_Only
SCOMP2,Schools_with_Computer: Primary_with_Upper_Primary
SCOMP3,Schools_with_Computer: Primary_with_upper_Primary_Sec/H.Sec
SCOMP4,Schools_with_Computer: Upper_Primary_Only
SCOMP5,Schools_with_Computer: Upper_Primary_with_Sec./H.Sec
SCOMP6,Schools_with_Computer: Primary_with_upper_Primary_Sec
SCOMP7,Schools_with_Computer: Upper_Primary_with_Sec.
SCOMPTOT,Schools_with_Computer: Total
SRAM1,Schools_with_Ramp_(where_needed): Primary_Only
SRAM2,Schools_with_Ramp_(where_needed): Primary_with_Upper_Primary
SRAM3,Schools_with_Ramp_(where_needed): Primary_with_upper_Primary_Sec/H.Sec
SRAM4,Schools_with_Ramp_(where_needed): Upper_Primary_Only
SRAM5,Schools_with_Ramp_(where_needed): Upper_Primary_with_Sec./H.Sec
SRAM6,Schools_with_Ramp_(where_needed): Primary_with_upper_Primary_Sec
SRAM7,Schools_with_Ramp_(where_needed): Upper_Primary_with_Sec.
SRAMTOT,Schools_with_Ramp_(where_needed): Total
SRAMN1,Schools_where_Ramp_is_Required: Primary_Only
SRAMN2,Schools_where_Ramp_is_Required: Primary_with_Upper_Primary
SRAMN3,Schools_where_Ramp_is_Required: Primary_with_upper_Primary_Sec/H.Sec
SRAMN4,Schools_where_Ramp_is_Required: Upper_Primary_Only
SRAMN5,Schools_where_Ramp_is_Required: Upper_Primary_with_Sec./H.Sec
SRAMN6,Schools_where_Ramp_is_Required: Primary_with_upper_Primary_Sec
SRAMN7,Schools_where_Ramp_is_Required: Upper_Primary_with_Sec.
SRAMNTOT,Schools_where_Ramp_is_Required: Total
ESTD1,Schools_Established_Since_2001: Primary_Only
ESTD2,Schools_Established_Since_2001: Primary_with_Upper_Primary
ESTD3,Schools_Established_Since_2001: Primary_with_upper_Primary_Sec/H.Sec
ESTD4,Schools_Established_Since_2001: Upper_Primary_Only
ESTD5,Schools_Established_Since_2001: Upper_Primary_with_Sec./H.Sec
ESTD6,Schools_Established_Since_2001: Primary_with_upper_Primary_Sec
ESTD7,Schools_Established_Since_2001: Upper_Primary_with_Sec.
ESTDTOT,Schools_Established_Since_2001: Total
MDM1,Schools_Providing_Mid-Day_Meal_(Government_&_Aided_Schools): Primary_Only
MDM2,Schools_Providing_Mid-Day_Meal_(Government_&_Aided_Schools): Primary_with_Upper_Primary
MDM3,Schools_Providing_Mid-Day_Meal_(Government_&_Aided_Schools): Primary_with_upper_Primary_Sec/H.Sec
MDM4,Schools_Providing_Mid-Day_Meal_(Government_&_Aided_Schools): Upper_Primary_Only
MDM5,Schools_Providing_Mid-Day_Meal_(Government_&_Aided_Schools): Upper_Primary_with_Sec./H.Sec
MDM6,Schools_Providing_Mid-Day_Meal_(Government_&_Aided_Schools): Primary_with_upper_Primary_Sec
MDM7,Schools_Providing_Mid-Day_Meal_(Government_&_Aided_Schools): Upper_Primary_with_Sec.
MDMTOT,Schools_Providing_Mid-Day_Meal_(Government_&_Aided_Schools): Total
KIT1,Schools_with_Kitchen-Shed_(Government_&_Aided_Schools)*: Primary_Only
KIT2,Schools_with_Kitchen-Shed_(Government_&_Aided_Schools)*: Primary_with_Upper_Primary
KIT3,Schools_with_Kitchen-Shed_(Government_&_Aided_Schools)*: Primary_with_upper_Primary_Sec/H.Sec
KIT4,Schools_with_Kitchen-Shed_(Government_&_Aided_Schools)*: Upper_Primary_Only
KIT5,Schools_with_Kitchen-Shed_(Government_&_Aided_Schools)*: Upper_Primary_with_Sec./H.Sec
KIT6,Schools_with_Kitchen-Shed_(Government_&_Aided_Schools)*: Primary_with_upper_Primary_Sec
KIT7,Schools_with_Kitchen-Shed_(Government_&_Aided_Schools)*: Upper_Primary_with_Sec.
KITTOT,Schools_with_Kitchen-Shed_(Government_&_Aided_Schools)*: Total
KITS1,Schools_where_Mid-Day_Meal_is_Provided_and_Prepared_in_School_Premises_(Government_&_Aided_Schools): Primary_Only
KITS2,Schools_where_Mid-Day_Meal_is_Provided_and_Prepared_in_School_Premises_(Government_&_Aided_Schools): Primary_with_Upper_Primary
KITS3,Schools_where_Mid-Day_Meal_is_Provided_and_Prepared_in_School_Premises_(Government_&_Aided_Schools): Primary_with_upper_Primary_Sec/H.Sec
KITS4,Schools_where_Mid-Day_Meal_is_Provided_and_Prepared_in_School_Premises_(Government_&_Aided_Schools): Upper_Primary_Only
KITS5,Schools_where_Mid-Day_Meal_is_Provided_and_Prepared_in_School_Premises_(Government_&_Aided_Schools): Upper_Primary_with_Sec./H.Sec
KITS6,Schools_where_Mid-Day_Meal_is_Provided_and_Prepared_in_School_Premises_(Government_&_Aided_Schools): Primary_with_upper_Primary_Sec
KITS7,Schools_where_Mid-Day_Meal_is_Provided_and_Prepared_in_School_Premises_(Government_&_Aided_Schools): Upper_Primary_with_Sec.
KITSTOT,Schools_where_Mid-Day_Meal_is_Provided_and_Prepared_in_School_Premises_(Government_&_Aided_Schools): Total
ENR501,Schools_with_Enrolment_<=_50: Primary_Only
ENR502,Schools_with_Enrolment_<=_50: Primary_with_Upper_Primary
ENR503,Schools_with_Enrolment_<=_50: Primary_with_upper_Primary_Sec/H.Sec
ENR504,Schools_with_Enrolment_<=_50: Upper_Primary_Only
ENR505,Schools_with_Enrolment_<=_50: Upper_Primary_with_Sec./H.Sec
ENR506,Schools_with_Enrolment_<=_50: Primary_with_upper_Primary_Sec
ENR507,Schools_with_Enrolment_<=_50: Upper_Primary_with_Sec.
ENR509,Schools_with_Enrolment_<=_50: No_Response
ENR50TOT,Schools_with_Enrolment_<=_50: Total
SMC1,Schools_Constituted_School_Management_Committee(Government_&_Aided_Schools): Primary_Only
SMC2,Schools_Constituted_School_Management_Committee(Government_&_Aided_Schools): Primary_with_Upper_Primary
SMC3,Schools_Constituted_School_Management_Committee(Government_&_Aided_Schools): Primary_with_upper_Primary_Sec/H.Sec
SMC4,Schools_Constituted_School_Management_Committee(Government_&_Aided_Schools): Upper_Primary_Only
SMC5,Schools_Constituted_School_Management_Committee(Government_&_Aided_Schools): Upper_Primary_with_Sec./H.Sec
SMC6,Schools_Constituted_School_Management_Committee(Government_&_Aided_Schools): Primary_with_upper_Primary_Sec
SMC7,Schools_Constituted_School_Management_Committee(Government_&_Aided_Schools): Upper_Primary_with_Sec.
SMCTOT,Schools_Constituted_School_Management_Committee(Government_&_Aided_Schools): Total
CLS1,Number_of_Classrooms_by_School_Category: Primary_Only
CLS2,Number_of_Classrooms_by_School_Category: Primary_with_Upper_Primary
CLS3,Number_of_Classrooms_by_School_Category: Primary_with_upper_Primary_Sec/H.Sec
CLS4,Number_of_Classrooms_by_School_Category: Upper_Primary_Only
CLS5,Number_of_Classrooms_by_School_Category: Upper_Primary_with_Sec./H.Sec
CLS6,Number_of_Classrooms_by_School_Category: Primary_with_upper_Primary_Sec
CLS7,Number_of_Classrooms_by_School_Category: Upper_Primary_with_Sec.
CLSTOT,Number_of_Classrooms_by_School_Category: Total
TCH1,Teachers_by_School_Category: Primary_Only
TCH2,Teachers_by_School_Category: Primary_with_Upper_Primary
TCH3,Teachers_by_School_Category: Primary_with_upper_Primary_Sec/H.Sec
TCH4,Teachers_by_School_Category: Upper_Primary_Only
TCH5,Teachers_by_School_Category: Upper_Primary_with_Sec./H.Sec
TCH6,Teachers_by_School_Category: Primary_with_upper_Primary_Sec
TCH7,Teachers_by_School_Category: Upper_Primary_with_Sec.
TCHTOT,Teachers_by_School_Category: Total
TCHF1,Teachers_by_School_Category_Female: Primary_Only
TCHF2,Teachers_by_School_Category_Female: Primary_with_Upper_Primary
TCHF3,Teachers_by_School_Category_Female: Primary_with_upper_Primary_Sec/H.Sec
TCHF4,Teachers_by_School_Category_Female: Upper_Primary_Only
TCHF5,Teachers_by_School_Category_Female: Upper_Primary_with_Sec./H.Sec
TCHF6,Teachers_by_School_Category_Female: Primary_with_upper_Primary_Sec
TCHF7,Teachers_by_School_Category_Female: Upper_Primary_with_Sec.
TCHFTOT,Teachers_by_School_Category_Female: Total
TCHM1,Teachers_by_School_Category_Male: Primary_Only
TCHM2,Teachers_by_School_Category_Male: Primary_with_Upper_Primary
TCHM3,Teachers_by_School_Category_Male: Primary_with_upper_Primary_Sec/H.Sec
TCHM4,Teachers_by_School_Category_Male: Upper_Primary_Only
TCHM5,Teachers_by_School_Category_Male: Upper_Primary_with_Sec./H.Sec
TCHM6,Teachers_by_School_Category_Male: Primary_with_upper_Primary_Sec
TCHM7,Teachers_by_School_Category_Male: Upper_Primary_with_Sec.
TCHM9,Teachers_by_School_Category_Male: No_Response
ENRG1,Enrolment_by_School_Category-_Girls_: Primary_Only
ENRG2,Enrolment_by_School_Category-_Girls_: Primary_with_Upper_Primary
ENRG3,Enrolment_by_School_Category-_Girls_: Primary_with_upper_Primary_Sec/H.Sec
ENRG4,Enrolment_by_School_Category-_Girls_: Upper_Primary_Only
ENRG5,Enrolment_by_School_Category-_Girls_: Upper_Primary_with_Sec./H.Sec
ENRG6,Enrolment_by_School_Category-_Girls_: Primary_with_upper_Primary_Sec
ENRG7,Enrolment_by_School_Category-_Girls_: Upper_Primary_with_Sec.
ENRGTOT,Enrolment_by_School_Category-_Girls_: Total
PREP,Schools_with_attached_Pre-primary_Section_(Other_than_Anganwadi): Total_Schools
PRESTD,Schools_with_attached_Pre-primary_Section_(Other_than_Anganwadi): Total_Students
PPFTCH,Professionally_Qualified_Teachers:_Private: Teachers_with_Professional_Qualification_:_Female_
PPMTCH,Professionally_Qualified_Teachers:_Private: Teachers_with_Professional_Qualification_:_Male_
PMTCH,Professionally_Qualified_Teachers:_Private: Total_Teachers:_Male_
PFTCH,Professionally_Qualified_Teachers:_Private: Total_Teachers:_Female_
TCHSCM1,SC_Teachers_by_School_Category_Male: Primary_Only
TCHSCM2,SC_Teachers_by_School_Category_Male: Primary_with_Upper_Primary
TCHSCM3,SC_Teachers_by_School_Category_Male: Primary_with_upper_Primary_Sec/H.Sec
TCHSCM4,SC_Teachers_by_School_Category_Male: Upper_Primary_Only
TCHSCM5,SC_Teachers_by_School_Category_Male: Upper_Primary_with_Sec./H.Sec
TCHSCM6,SC_Teachers_by_School_Category_Male: Primary_with_upper_Primary_Sec
TCHSCM7,SC_Teachers_by_School_Category_Male: Upper_Primary_with_Sec.
TCHSCF1,SC_Teachers_by_School_Category_Female: Primary_Only
TCHSCF2,SC_Teachers_by_School_Category_Female: Primary_with_Upper_Primary
TCHSCF3,SC_Teachers_by_School_Category_Female: Primary_with_upper_Primary_Sec/H.Sec
TCHSCF4,SC_Teachers_by_School_Category_Female: Upper_Primary_Only
TCHSCF5,SC_Teachers_by_School_Category_Female: Upper_Primary_with_Sec./H.Sec
TCHSCF6,SC_Teachers_by_School_Category_Female: Primary_with_upper_Primary_Sec
TCHSCF7,SC_Teachers_by_School_Category_Female: Upper_Primary_with_Sec.
TCHSTM1,ST_Teachers_by_School_Category_Male: Primary_Only
TCHSTM2,ST_Teachers_by_School_Category_Male: Primary_with_Upper_Primary
TCHSTM3,ST_Teachers_by_School_Category_Male: Primary_with_upper_Primary_Sec/H.Sec
TCHSTM4,ST_Teachers_by_School_Category_Male: Upper_Primary_Only
TCHSTM5,ST_Teachers_by_School_Category_Male: Upper_Primary_with_Sec./H.Sec
TCHSTM6,ST_Teachers_by_School_Category_Male: Primary_with_upper_Primary_Sec
TCHSTM7,ST_Teachers_by_School_Category_Male: Upper_Primary_with_Sec.
TCHSTF1,ST_Teachers_by_School_Category_Female: Primary_Only
TCHSTF2,ST_Teachers_by_School_Category_Female: Primary_with_Upper_Primary
TCHSTF3,ST_Teachers_by_School_Category_Female: Primary_with_upper_Primary_Sec/H.Sec
TCHSTF4,ST_Teachers_by_School_Category_Female: Upper_Primary_Only
TCHSTF5,ST_Teachers_by_School_Category_Female: Upper_Primary_with_Sec./H.Sec
TCHSTF6,ST_Teachers_by_School_Category_Female: Primary_with_upper_Primary_Sec
TCHSTF7,ST_Teachers_by_School_Category_Female: Upper_Primary_with_Sec.
TCHOBCM1,OBC_Teachers_by_School_Category_Male: Primary_Only
TCHOBCM2,OBC_Teachers_by_School_Category_Male: Primary_with_Upper_Primary
TCHOBCM3,OBC_Teachers_by_School_Category_Male: Primary_with_upper_Primary_Sec/H.Sec
TCHOBCM4,OBC_Teachers_by_School_Category_Male: Upper_Primary_Only
TCHOBCM5,OBC_Teachers_by_School_Category_Male: Upper_Primary_with_Sec./H.Sec
TCHOBCM6,OBC_Teachers_by_School_Category_Male: Primary_with_upper_Primary_Sec
TCHOBCM7,OBC_Teachers_by_School_Category_Male: Upper_Primary_with_Sec.
TCHOBCF1,OBC_Teachers_by_School_Category_Female: Primary_Only
TCHOBCF2,OBC_Teachers_by_School_Category_Female: Primary_with_Upper_Primary
TCHOBCF3,OBC_Teachers_by_School_Category_Female: Primary_with_upper_Primary_Sec/H.Sec
TCHOBCF4,OBC_Teachers_by_School_Category_Female: Upper_Primary_Only
TCHOBCF5,OBC_Teachers_by_School_Category_Female: Upper_Primary_with_Sec./H.Sec
TCHOBCF6,OBC_Teachers_by_School_Category_Female: Primary_with_upper_Primary_Sec
TCHOBCF7,OBC_Teachers_by_School_Category_Female: Upper_Primary_with_Sec.
TCH_TRNRM1,Teachers_Received_in-service_Training_Male: Primary_Only
TCH_TRNRM2,Teachers_Received_in-service_Training_Male: Primary_with_Upper_Primary
TCH_TRNRM3,Teachers_Received_in-service_Training_Male: Primary_with_upper_Primary_Sec/H.Sec
TCH_TRNRM4,Teachers_Received_in-service_Training_Male: Upper_Primary_Only
TCH_TRNRM5,Teachers_Received_in-service_Training_Male: Upper_Primary_with_Sec./H.Sec
TCH_TRNRM6,Teachers_Received_in-service_Training_Male: Primary_with_upper_Primary_Sec
TCH_TRNRM7,Teachers_Received_in-service_Training_Male: Upper_Primary_with_Sec.
TCH_TRNRF1,Teachers_Received_in-service_Training_Female: Primary_Only
TCH_TRNRF2,Teachers_Received_in-service_Training_Female: Primary_with_Upper_Primary
TCH_TRNRF3,Teachers_Received_in-service_Training_Female: Primary_with_upper_Primary_Sec/H.Sec
TCH_TRNRF4,Teachers_Received_in-service_Training_Female: Upper_Primary_Only
TCH_TRNRF5,Teachers_Received_in-service_Training_Female: Upper_Primary_with_Sec./H.Sec
TCH_TRNRF6,Teachers_Received_in-service_Training_Female: Primary_with_upper_Primary_Sec
TCH_TRNRF7,Teachers_Received_in-service_Training_Female: Upper_Primary_with_Sec.
PGRMTCH,Professionally_Qualified_Teachers:_Government: Regular_Teachers_with_Professional_Qualification_:_Male_
PGRFTCH,Professionally_Qualified_Teachers:_Government: Regular_Teachers_with_Professional_Qualification_:_Female_
GRMTCH,Professionally_Qualified_Teachers:_Government: Total_Regular_Teachers:_Male_
GRFTCH,Professionally_Qualified_Teachers:_Government: Total_Regular_Teachers:_Female_
PGCMTCH,Professionally_Qualified_Teachers:_Government: Contractual_Teachers_with_Professional_Qualification_:_Male_
PGCFTCH,Professionally_Qualified_Teachers:_Government: Contractual_Teachers_with_Professional_Qualification_:_Female_
PCMTCH,Professionally_Qualified_Teachers:_Government: Total_Contractual_Teachers:_Male_
PCFTCH,Professionally_Qualified_Teachers:_Government: Total_Contractual_Teachers:_Female_
DISTCD,Data_Reported_From_Data_Reported_from: 
STATNAME,Data_Reported_From_Data_Reported_from: 
DISTNAME,Data_Reported_From_Data_Reported_from: 
C1_B,Enrolment_By_Grade_Boys: Grade_1
C2_B,Enrolment_By_Grade_Boys: Grade_2
C3_B,Enrolment_By_Grade_Boys: Grade_3
C4_B,Enrolment_By_Grade_Boys: Grade_4
C5_B,Enrolment_By_Grade_Boys: Grade_5
C6_B,Enrolment_By_Grade_Boys: Grade_6
C7_B,Enrolment_By_Grade_Boys: Grade_7
C8_B,Enrolment_By_Grade_Boys: Grade_8
C9_B,Enrolment_By_Grade_Boys: Grade_9
C1_G,Enrolment_By_Grade_Girls: Grade_1
C2_G,Enrolment_By_Grade_Girls: Grade_2
C3_G,Enrolment_By_Grade_Girls: Grade_3
C4_G,Enrolment_By_Grade_Girls: Grade_4
C5_G,Enrolment_By_Grade_Girls: Grade_5
C6_G,Enrolment_By_Grade_Girls: Grade_6
C7_G,Enrolment_By_Grade_Girls: Grade_7
C8_G,Enrolment_By_Grade_Girls: Grade_8
C9_G,Enrolment_By_Grade_Girls: Grade_9
C15A,Enrolment_by_level_Primary: Primary
C68A,Enrolment_by_level_Upper_Primary: Upper_Primary
C1_BD,Children_with_Special_Needs_Boys: Grade_1
C2_BD,Children_with_Special_Needs_Boys: Grade_2
C3_BD,Children_with_Special_Needs_Boys: Grade_3
C4_BD,Children_with_Special_Needs_Boys: Grade_4
C5_BD,Children_with_Special_Needs_Boys: Grade_5
C6_BD,Children_with_Special_Needs_Boys: Grade_6
C7_BD,Children_with_Special_Needs_Boys: Grade_7
C8_BD,Children_with_Special_Needs_Boys: Grade_8
C1_GD,Children_with_Special_Needs_Girls: Grade_1
C2_GD,Children_with_Special_Needs_Girls: Grade_2
C3_GD,Children_with_Special_Needs_Girls: Grade_3
C4_GD,Children_with_Special_Needs_Girls: Grade_4
C5_GD,Children_with_Special_Needs_Girls: Grade_5
C6_GD,Children_with_Special_Needs_Girls: Grade_6
C7_GD,Children_with_Special_Needs_Girls: Grade_7
C8_GD,Children_with_Special_Needs_Girls: Grade_8
C1_BR,Repeaters_By_Grade_Boys: Grade_1
C2_BR,Repeaters_By_Grade_Boys: Grade_2
C3_BR,Repeaters_By_Grade_Boys: Grade_3
C4_BR,Repeaters_By_Grade_Boys: Grade_4
C5_BR,Repeaters_By_Grade_Boys: Grade_5
C6_BR,Repeaters_By_Grade_Boys: Grade_6
C7_BR,Repeaters_By_Grade_Boys: Grade_7
C8_BR,Repeaters_By_Grade_Boys: Grade_8
C9_BR,Repeaters_By_Grade_Boys: Grade_9
C1_GR,Repeaters_By_Grade_Girls: Grade_1
C2_GR,Repeaters_By_Grade_Girls: Grade_2
C3_GR,Repeaters_By_Grade_Girls: Grade_3
C4_GR,Repeaters_By_Grade_Girls: Grade_4
C5_GR,Repeaters_By_Grade_Girls: Grade_5
C6_GR,Repeaters_By_Grade_Girls: Grade_6
C7_GR,Repeaters_By_Grade_Girls: Grade_7
C8_GR,Repeaters_By_Grade_Girls: Grade_8
C9_GR,Repeaters_By_Grade_Girls: Grade_9
SCPTOT,SC_Enrolment_Primary: Total
SCPTOT_G,SC_Enrolment_Primary: Girls
SCUTOT,SC_Enrolment_Upper_Primary: Total
SCUTOT_G,SC_Enrolment_Upper_Primary: Girls
STPTOT,ST_Enrolment_Primary: Total
STPTOT_G,ST_Enrolment_Primary: Girls
STUTOT,ST_Enrolment_Upper_Primary: Total
STUTOT_G,ST_Enrolment_Upper_Primary: Girls
OBPTOT,OBC_Enrolment_Primary: Total
OBUTOT,OBC_Enrolment_Primary: Girls
OBPTOT_G,OBC_Enrolment_Upper_Primary: Total
OBUTOT_G,OBC_Enrolment_Upper_Primary: Girls
MUPTOT,Muslim_Enrolment_Primary: Total
MUUTOT,Muslim_Enrolment_Primary: Girls
MUPTOT_G,Muslim_Enrolment_Upper_Primary: Total
MUUTOT_G,Muslim_Enrolment_Upper_Primary: Girls
BLC1,CWSN_Enrolment_by_Nature_of_Disability_Grade_1: Blind
LVC1,CWSN_Enrolment_by_Nature_of_Disability_Grade_1: Low_vision
HEC1,CWSN_Enrolment_by_Nature_of_Disability_Grade_1: Hearing_Impairment
SPC1,CWSN_Enrolment_by_Nature_of_Disability_Grade_1: Speech_Impairment
LOC1,CWSN_Enrolment_by_Nature_of_Disability_Grade_1: Locomotor_Impairment
MEC1,CWSN_Enrolment_by_Nature_of_Disability_Grade_1: Mental_Retardation
LEC1,CWSN_Enrolment_by_Nature_of_Disability_Grade_1: Learning_Disability
CPC1,CWSN_Enrolment_by_Nature_of_Disability_Grade_1: Cerebral_Palsy
AUC1,CWSN_Enrolment_by_Nature_of_Disability_Grade_1: Autism
MUC1,CWSN_Enrolment_by_Nature_of_Disability_Grade_1: Multiple
BLC2,CWSN_Enrolment_by_Nature_of_Disability_Grade_2: Blind
LVC2,CWSN_Enrolment_by_Nature_of_Disability_Grade_2: Low_vision
HEC2,CWSN_Enrolment_by_Nature_of_Disability_Grade_2: Hearing_Impairment
SPC2,CWSN_Enrolment_by_Nature_of_Disability_Grade_2: Speech_Impairment
LOC2,CWSN_Enrolment_by_Nature_of_Disability_Grade_2: Locomotor_Impairment
MEC2,CWSN_Enrolment_by_Nature_of_Disability_Grade_2: Mental_Retardation
LEC2,CWSN_Enrolment_by_Nature_of_Disability_Grade_2: Learning_Disability
CPC2,CWSN_Enrolment_by_Nature_of_Disability_Grade_2: Cerebral_Palsy
AUC2,CWSN_Enrolment_by_Nature_of_Disability_Grade_2: Autism
MUC2,CWSN_Enrolment_by_Nature_of_Disability_Grade_2: Multiple
BLC3,CWSN_Enrolment_by_Nature_of_Disability_Grade_3: Blind
LVC3,CWSN_Enrolment_by_Nature_of_Disability_Grade_3: Low_vision
HEC3,CWSN_Enrolment_by_Nature_of_Disability_Grade_3: Hearing_Impairment
SPC3,CWSN_Enrolment_by_Nature_of_Disability_Grade_3: Speech_Impairment
LOC3,CWSN_Enrolment_by_Nature_of_Disability_Grade_3: Locomotor_Impairment
MEC3,CWSN_Enrolment_by_Nature_of_Disability_Grade_3: Mental_Retardation
LEC3,CWSN_Enrolment_by_Nature_of_Disability_Grade_3: Learning_Disability
CPC3,CWSN_Enrolment_by_Nature_of_Disability_Grade_3: Cerebral_Palsy
AUC3,CWSN_Enrolment_by_Nature_of_Disability_Grade_3: Autism
MUC3,CWSN_Enrolment_by_Nature_of_Disability_Grade_3: Multiple
BLC4,CWSN_Enrolment_by_Nature_of_Disability_Grade_4: Blind
LVC4,CWSN_Enrolment_by_Nature_of_Disability_Grade_4: Low_vision
HEC4,CWSN_Enrolment_by_Nature_of_Disability_Grade_4: Hearing_Impairment
SPC4,CWSN_Enrolment_by_Nature_of_Disability_Grade_4: Speech_Impairment
LOC4,CWSN_Enrolment_by_Nature_of_Disability_Grade_4: Locomotor_Impairment
MEC4,CWSN_Enrolment_by_Nature_of_Disability_Grade_4: Mental_Retardation
LEC4,CWSN_Enrolment_by_Nature_of_Disability_Grade_4: Learning_Disability
CPC4,CWSN_Enrolment_by_Nature_of_Disability_Grade_4: Cerebral_Palsy
AUC4,CWSN_Enrolment_by_Nature_of_Disability_Grade_4: Autism
MUC4,CWSN_Enrolment_by_Nature_of_Disability_Grade_4: Multiple
BLC5,CWSN_Enrolment_by_Nature_of_Disability_Grade_5: Blind
LVC5,CWSN_Enrolment_by_Nature_of_Disability_Grade_5: Low_vision
HEC5,CWSN_Enrolment_by_Nature_of_Disability_Grade_5: Hearing_Impairment
SPC5,CWSN_Enrolment_by_Nature_of_Disability_Grade_5: Speech_Impairment
LOC5,CWSN_Enrolment_by_Nature_of_Disability_Grade_5: Locomotor_Impairment
MEC5,CWSN_Enrolment_by_Nature_of_Disability_Grade_5: Mental_Retardation
LEC5,CWSN_Enrolment_by_Nature_of_Disability_Grade_5: Learning_Disability
CPC5,CWSN_Enrolment_by_Nature_of_Disability_Grade_5: Cerebral_Palsy
AUC5,CWSN_Enrolment_by_Nature_of_Disability_Grade_5: Autism
MUC5,CWSN_Enrolment_by_Nature_of_Disability_Grade_5: Multiple
BLC6,CWSN_Enrolment_by_Nature_of_Disability_Grade_6: Blind
LVC6,CWSN_Enrolment_by_Nature_of_Disability_Grade_6: Low_vision
HEC6,CWSN_Enrolment_by_Nature_of_Disability_Grade_6: Hearing_Impairment
SPC6,CWSN_Enrolment_by_Nature_of_Disability_Grade_6: Speech_Impairment
LOC6,CWSN_Enrolment_by_Nature_of_Disability_Grade_6: Locomotor_Impairment
MEC6,CWSN_Enrolment_by_Nature_of_Disability_Grade_6: Mental_Retardation
LEC6,CWSN_Enrolment_by_Nature_of_Disability_Grade_6: Learning_Disability
CPC6,CWSN_Enrolment_by_Nature_of_Disability_Grade_6: Cerebral_Palsy
AUC6,CWSN_Enrolment_by_Nature_of_Disability_Grade_6: Autism
MUC6,CWSN_Enrolment_by_Nature_of_Disability_Grade_6: Multiple
BLC7,CWSN_Enrolment_by_Nature_of_Disability_Grade_7: Blind
LVC7,CWSN_Enrolment_by_Nature_of_Disability_Grade_7: Low_vision
HEC7,CWSN_Enrolment_by_Nature_of_Disability_Grade_7: Hearing_Impairment
SPC7,CWSN_Enrolment_by_Nature_of_Disability_Grade_7: Speech_Impairment
LOC7,CWSN_Enrolment_by_Nature_of_Disability_Grade_7: Locomotor_Impairment
MEC7,CWSN_Enrolment_by_Nature_of_Disability_Grade_7: Mental_Retardation
LEC7,CWSN_Enrolment_by_Nature_of_Disability_Grade_7: Learning_Disability
CPC7,CWSN_Enrolment_by_Nature_of_Disability_Grade_7: Cerebral_Palsy
AUC7,CWSN_Enrolment_by_Nature_of_Disability_Grade_7: Autism
MUC7,CWSN_Enrolment_by_Nature_of_Disability_Grade_7: Multiple
BLC8,CWSN_Enrolment_by_Nature_of_Disability_Grade_8: Blind
LVC8,CWSN_Enrolment_by_Nature_of_Disability_Grade_8: Low_vision
HEC8,CWSN_Enrolment_by_Nature_of_Disability_Grade_8: Hearing_Impairment
SPC8,CWSN_Enrolment_by_Nature_of_Disability_Grade_8: Speech_Impairment
LOC8,CWSN_Enrolment_by_Nature_of_Disability_Grade_8: Locomotor_Impairment
MEC8,CWSN_Enrolment_by_Nature_of_Disability_Grade_8: Mental_Retardation
LEC8,CWSN_Enrolment_by_Nature_of_Disability_Grade_8: Learning_Disability
CPC8,CWSN_Enrolment_by_Nature_of_Disability_Grade_8: Cerebral_Palsy
AUC8,CWSN_Enrolment_by_Nature_of_Disability_Grade_8: Autism
MUC8,CWSN_Enrolment_by_Nature_of_Disability_Grade_8: Multiple
TOTCLGD1G,Total_Classrooms_by_Condition_Good_Condition: Primary_Only
TOTCLGD2G,Total_Classrooms_by_Condition_Good_Condition: Primary_with_Upper_Primary
TOTCLGD3G,Total_Classrooms_by_Condition_Good_Condition: Primary_with_upper_Primary_Sec/H.Sec
TOTCLGD4G,Total_Classrooms_by_Condition_Good_Condition: Upper_Primary_Only
TOTCLGD5G,Total_Classrooms_by_Condition_Good_Condition: Upper_Primary_with_Sec./H.Sec
TOTCLGD6G,Total_Classrooms_by_Condition_Good_Condition: Primary_with_upper_Primary_Sec
TOTCLGD7G,Total_Classrooms_by_Condition_Good_Condition: Upper_Primary_with_Sec.
TOTCLMI1G,Total_Classrooms_by_Condition_Need_Minor_Repair: Primary_Only
TOTCLMI2G,Total_Classrooms_by_Condition_Need_Minor_Repair: Primary_with_Upper_Primary
TOTCLMI3G,Total_Classrooms_by_Condition_Need_Minor_Repair: Primary_with_upper_Primary_Sec/H.Sec
TOTCLMI4G,Total_Classrooms_by_Condition_Need_Minor_Repair: Upper_Primary_Only
TOTCLMI5G,Total_Classrooms_by_Condition_Need_Minor_Repair: Upper_Primary_with_Sec./H.Sec
TOTCLMI6G,Total_Classrooms_by_Condition_Need_Minor_Repair: Primary_with_upper_Primary_Sec
TOTCLMI7G,Total_Classrooms_by_Condition_Need_Minor_Repair: Upper_Primary_with_Sec.
TOTCLMJ1G,Total_Classrooms_by_Condition_Need_Major_Repair: Primary_Only
TOTCLMJ2G,Total_Classrooms_by_Condition_Need_Major_Repair: Primary_with_Upper_Primary
TOTCLMJ3G,Total_Classrooms_by_Condition_Need_Major_Repair: Primary_with_upper_Primary_Sec/H.Sec
TOTCLMJ4G,Total_Classrooms_by_Condition_Need_Major_Repair: Upper_Primary_Only
TOTCLMJ5G,Total_Classrooms_by_Condition_Need_Major_Repair: Upper_Primary_with_Sec./H.Sec
TOTCLMJ6G,Total_Classrooms_by_Condition_Need_Major_Repair: Primary_with_upper_Primary_Sec
TOTCLMJ7G,Total_Classrooms_by_Condition_Need_Major_Repair: Upper_Primary_with_Sec.
TOTCLOT1G,Other_Rooms_Primary_Only: Primary_Only
TOTCLOT2G,Other_Rooms_Primary_with_Upper_Primary: Primary_with_Upper_Primary
TOTCLOT3G,Other_Rooms_Primary_with_upper_Primary_Sec/H.Sec: Primary_with_upper_Primary_Sec/H.Sec
TOTCLOT4G,Other_Rooms_Upper_Primary_Only: Upper_Primary_Only
TOTCLOT5G,Other_Rooms_Upper_Primary_with_Sec./H.Sec: Upper_Primary_with_Sec./H.Sec
TOTCLOT6G,Other_Rooms_Primary_with_upper_Primary_Sec: Primary_with_upper_Primary_Sec
TOTCLOT7G,Other_Rooms_Upper_Primary_with_Sec.: Upper_Primary_with_Sec.
TCHBS1,Teachers_by_Educational_Qualification_Below_Secondary: Primary_Only
TCHBS2,Teachers_by_Educational_Qualification_Below_Secondary: Primary_with_Upper_Primary
TCHBS3,Teachers_by_Educational_Qualification_Below_Secondary: Primary_with_upper_Primary_Sec/H.Sec
TCHBS4,Teachers_by_Educational_Qualification_Below_Secondary: Upper_Primary_Only
TCHBS5,Teachers_by_Educational_Qualification_Below_Secondary: Upper_Primary_with_Sec./H.Sec
TCHBS6,Teachers_by_Educational_Qualification_Below_Secondary: Primary_with_upper_Primary_Sec
TCHBS7,Teachers_by_Educational_Qualification_Below_Secondary: Upper_Primary_with_Sec.
TCHSEC1,Teachers_by_Educational_Qualification_Secondary: Primary_Only
TCHSEC2,Teachers_by_Educational_Qualification_Secondary: Primary_with_Upper_Primary
TCHSEC3,Teachers_by_Educational_Qualification_Secondary: Primary_with_upper_Primary_Sec/H.Sec
TCHSEC4,Teachers_by_Educational_Qualification_Secondary: Upper_Primary_Only
TCHSEC5,Teachers_by_Educational_Qualification_Secondary: Upper_Primary_with_Sec./H.Sec
TCHSEC6,Teachers_by_Educational_Qualification_Secondary: Primary_with_upper_Primary_Sec
TCHSEC7,Teachers_by_Educational_Qualification_Secondary: Upper_Primary_with_Sec.
TCHHS1,Teachers_by_Educational_Qualification_Higher_Secondary: Primary_Only
TCHHS2,Teachers_by_Educational_Qualification_Higher_Secondary: Primary_with_Upper_Primary
TCHHS3,Teachers_by_Educational_Qualification_Higher_Secondary: Primary_with_upper_Primary_Sec/H.Sec
TCHHS4,Teachers_by_Educational_Qualification_Higher_Secondary: Upper_Primary_Only
TCHHS5,Teachers_by_Educational_Qualification_Higher_Secondary: Upper_Primary_with_Sec./H.Sec
TCHHS6,Teachers_by_Educational_Qualification_Higher_Secondary: Primary_with_upper_Primary_Sec
TCHHS7,Teachers_by_Educational_Qualification_Higher_Secondary: Upper_Primary_with_Sec.
TCHGD1,Teachers_by_Educational_Qualification_Graduate: Primary_Only
TCHGD2,Teachers_by_Educational_Qualification_Graduate: Primary_with_Upper_Primary
TCHGD3,Teachers_by_Educational_Qualification_Graduate: Primary_with_upper_Primary_Sec/H.Sec
TCHGD4,Teachers_by_Educational_Qualification_Graduate: Upper_Primary_Only
TCHGD5,Teachers_by_Educational_Qualification_Graduate: Upper_Primary_with_Sec./H.Sec
TCHGD6,Teachers_by_Educational_Qualification_Graduate: Primary_with_upper_Primary_Sec
TCHGD7,Teachers_by_Educational_Qualification_Graduate: Upper_Primary_with_Sec.
TCHPG1,Teachers_by_Educational_Qualification_Post_Graduate: Primary_Only
TCHPG2,Teachers_by_Educational_Qualification_Post_Graduate: Primary_with_Upper_Primary
TCHPG3,Teachers_by_Educational_Qualification_Post_Graduate: Primary_with_upper_Primary_Sec/H.Sec
TCHPG4,Teachers_by_Educational_Qualification_Post_Graduate: Upper_Primary_Only
TCHPG5,Teachers_by_Educational_Qualification_Post_Graduate: Upper_Primary_with_Sec./H.Sec
TCHPG6,Teachers_by_Educational_Qualification_Post_Graduate: Primary_with_upper_Primary_Sec
TCHPG7,Teachers_by_Educational_Qualification_Post_Graduate: Upper_Primary_with_Sec.
TCHMD1,Teachers_by_Educational_Qualification_M_phil./_Ph.D: Primary_Only
TCHMD2,Teachers_by_Educational_Qualification_M_phil./_Ph.D: Primary_with_Upper_Primary
TCHMD3,Teachers_by_Educational_Qualification_M_phil./_Ph.D: Primary_with_upper_Primary_Sec/H.Sec
TCHMD4,Teachers_by_Educational_Qualification_M_phil./_Ph.D: Upper_Primary_Only
TCHMD5,Teachers_by_Educational_Qualification_M_phil./_Ph.D: Upper_Primary_with_Sec./H.Sec
TCHMD6,Teachers_by_Educational_Qualification_M_phil./_Ph.D: Primary_with_upper_Primary_Sec
TCHMD7,Teachers_by_Educational_Qualification_M_phil./_Ph.D: Upper_Primary_with_Sec.
TCHPD1,Teachers_by_Educational_Qualification_Post_Doctorate: Primary_Only
TCHPD2,Teachers_by_Educational_Qualification_Post_Doctorate: Primary_with_Upper_Primary
TCHPD3,Teachers_by_Educational_Qualification_Post_Doctorate: Primary_with_upper_Primary_Sec/H.Sec
TCHPD4,Teachers_by_Educational_Qualification_Post_Doctorate: Upper_Primary_Only
TCHPD5,Teachers_by_Educational_Qualification_Post_Doctorate: Upper_Primary_with_Sec./H.Sec
TCHPD6,Teachers_by_Educational_Qualification_Post_Doctorate: Primary_with_upper_Primary_Sec
TCHPD7,Teachers_by_Educational_Qualification_Post_Doctorate: Upper_Primary_with_Sec.
TCHNR1,Teachers_by_Educational_Qualification_No_Response_in_Academic_Qualification: Primary_Only
TCHNR2,Teachers_by_Educational_Qualification_No_Response_in_Academic_Qualification: Primary_with_Upper_Primary
TCHNR3,Teachers_by_Educational_Qualification_No_Response_in_Academic_Qualification: Primary_with_upper_Primary_Sec/H.Sec
TCHNR4,Teachers_by_Educational_Qualification_No_Response_in_Academic_Qualification: Upper_Primary_Only
TCHNR5,Teachers_by_Educational_Qualification_No_Response_in_Academic_Qualification: Upper_Primary_with_Sec./H.Sec
TCHNR6,Teachers_by_Educational_Qualification_No_Response_in_Academic_Qualification: Primary_with_upper_Primary_Sec
TCHNR7,Teachers_by_Educational_Qualification_No_Response_in_Academic_Qualification: Upper_Primary_with_Sec.
TCHCON1,Contractual_Teachers_by_Qualification_Below_Secondary: Below_Secondary
TCHCON2,Contractual_Teachers_by_Qualification_Below_Secondary: _Secondary
TCHCON3,Contractual_Teachers_by_Qualification_Below_Secondary: _Higher_Secondary
TCHCON4,Contractual_Teachers_by_Qualification_Below_Secondary: Graduate
TCHCON5,Contractual_Teachers_by_Qualification_Below_Secondary: Post_Graduate
TCHCON67,Contractual_Teachers_by_Qualification_Below_Secondary: M_Phil./_Ph.D.
TCHCON8,Contractual_Teachers_by_Qualification_Below_Secondary: Post_Doctorate
TCHCON9,Contractual_Teachers_by_Qualification_: No_Response
TCHRM1,Regular_Teachers_by_Gender_Male: Primary_Only
TCHRM2,Regular_Teachers_by_Gender_Male: Primary_with_Upper_Primary
TCHRM3,Regular_Teachers_by_Gender_Male: Primary_with_upper_Primary_Sec/H.Sec
TCHRM4,Regular_Teachers_by_Gender_Male: Upper_Primary_Only
TCHRM5,Regular_Teachers_by_Gender_Male: Upper_Primary_with_Sec./H.Sec
TCHRM6,Regular_Teachers_by_Gender_Male: Primary_with_upper_Primary_Sec
TCHRM7,Regular_Teachers_by_Gender_Male: Upper_Primary_with_Sec.
TCHRF1,Regular_Teachers_by_Gender_Female: Primary_Only
TCHRF2,Regular_Teachers_by_Gender_Female: Primary_with_Upper_Primary
TCHRF3,Regular_Teachers_by_Gender_Female: Primary_with_upper_Primary_Sec/H.Sec
TCHRF4,Regular_Teachers_by_Gender_Female: Upper_Primary_Only
TCHRF5,Regular_Teachers_by_Gender_Female: Upper_Primary_with_Sec./H.Sec
TCHRF6,Regular_Teachers_by_Gender_Female: Primary_with_upper_Primary_Sec
TCHRF7,Regular_Teachers_by_Gender_Female: Upper_Primary_with_Sec.
TCHRN1,Regular_Teachers_by_Gender_No_Response: Primary_Only
TCHRN2,Regular_Teachers_by_Gender_No_Response: Primary_with_Upper_Primary
TCHRN3,Regular_Teachers_by_Gender_No_Response: Primary_with_upper_Primary_Sec/H.Sec
TCHRN4,Regular_Teachers_by_Gender_No_Response: Upper_Primary_Only
TCHRN5,Regular_Teachers_by_Gender_No_Response: Upper_Primary_with_Sec./H.Sec
TCHRN6,Regular_Teachers_by_Gender_No_Response: Primary_with_upper_Primary_Sec
TCHRN7,Regular_Teachers_by_Gender_No_Response: Upper_Primary_with_Sec.
TCHCM1,Conractual_Teachers_by_Gender_Male: Primary_Only
TCHCM2,Conractual_Teachers_by_Gender_Male: Primary_with_Upper_Primary
TCHCM3,Conractual_Teachers_by_Gender_Male: Primary_with_upper_Primary_Sec/H.Sec
TCHCM4,Conractual_Teachers_by_Gender_Male: Upper_Primary_Only
TCHCM5,Conractual_Teachers_by_Gender_Male: Upper_Primary_with_Sec./H.Sec
TCHCM6,Conractual_Teachers_by_Gender_Male: Primary_with_upper_Primary_Sec
TCHCM7,Conractual_Teachers_by_Gender_Male: Upper_Primary_with_Sec.
TCHCF1,Conractual_Teachers_by_Gender_Female: Primary_Only
TCHCF2,Conractual_Teachers_by_Gender_Female: Primary_with_Upper_Primary
TCHCF3,Conractual_Teachers_by_Gender_Female: Primary_with_upper_Primary_Sec/H.Sec
TCHCF4,Conractual_Teachers_by_Gender_Female: Upper_Primary_Only
TCHCF5,Conractual_Teachers_by_Gender_Female: Upper_Primary_with_Sec./H.Sec
TCHCF6,Conractual_Teachers_by_Gender_Female: Primary_with_upper_Primary_Sec
TCHCF7,Conractual_Teachers_by_Gender_Female: Upper_Primary_with_Sec.
TCHCN1,Conractual_Teachers_by_Gender_No_Response: Primary_Only
TCHCN2,Conractual_Teachers_by_Gender_No_Response: Primary_with_Upper_Primary
TCHCN3,Conractual_Teachers_by_Gender_No_Response: Primary_with_upper_Primary_Sec/H.Sec
TCHCN4,Conractual_Teachers_by_Gender_No_Response: Upper_Primary_Only
TCHCN5,Conractual_Teachers_by_Gender_No_Response: Upper_Primary_with_Sec./H.Sec
TCHCN6,Conractual_Teachers_by_Gender_No_Response: Primary_with_upper_Primary_Sec
TCHCN7,Conractual_Teachers_by_Gender_No_Response: Upper_Primary_with_Sec.
TLM_R1,Schools_Received_TLM_Grant_Primary_Only: Primary_Only
TLM_R2,Schools_Received_TLM_Grant_Primary_with_Upper_Primary: Primary_with_Upper_Primary
TLM_R3,Schools_Received_TLM_Grant_Primary_with_upper_Primary_Sec/H.Sec: Primary_with_upper_Primary_Sec/H.Sec
TLM_R4,Schools_Received_TLM_Grant_Upper_Primary_Only: Upper_Primary_Only
TLM_R5,Schools_Received_TLM_Grant_Upper_Primary_with_Sec./H.Sec: Upper_Primary_with_Sec./H.Sec
TLM_R6,Schools_Received_TLM_Grant_Primary_with_upper_Primary_Sec: Primary_with_upper_Primary_Sec
TLM_R7,Schools_Received_TLM_Grant_Upper_Primary_with_Sec.: Upper_Primary_with_Sec.
TLME,Grants_TLM: Expended
TLMR,Grants_TLM: Received
CONTIE,Grants_School_Development: Expended
CONTIR,Grants_School_Development: Received
CONTI_R1,Schools_Received_School_Development_Grant_Primary_Only: Primary_Only
CONTI_R2,Schools_Received_School_Development_Grant_Primary_with_Upper_Primary: Primary_with_Upper_Primary
CONTI_R3,Schools_Received_School_Development_Grant_Primary_with_upper_Primary_Sec/H.Sec: Primary_with_upper_Primary_Sec/H.Sec
CONTI_R4,Schools_Received_School_Development_Grant_Upper_Primary_Only: Upper_Primary_Only
CONTI_R5,Schools_Received_School_Development_Grant_Upper_Primary_with_Sec./H.Sec: Upper_Primary_with_Sec./H.Sec
CONTI_R6,Schools_Received_School_Development_Grant_Primary_with_upper_Primary_Sec: Primary_with_upper_Primary_Sec
CONTI_R7,Schools_Received_School_Development_Grant_Upper_Primary_with_Sec.: Upper_Primary_with_Sec.
PIDAY30,Instructional_Days_Primary: Sum_of_instructional_days
PIDAYSCH,Instructional_Days_Primary: number_of_schools_given_instructional_days
UIDAY35,Instructional_Days_Upper_Primary: Sum_of_instructional_days
UIDAYSCH,Instructional_Days_Upper_Primary: number_of_schools_given_instructional_days
M1,Medium_of_Instruction_Mediums_of_instructions: Medium_1
M2,Medium_of_Instruction_Mediums_of_instructions: Medium_2
M3,Medium_of_Instruction_Mediums_of_instructions: Medium_3
M4,Medium_of_Instruction_Mediums_of_instructions: Medium_4
M5,Medium_of_Instruction_Mediums_of_instructions: Medium_5
ENRE11,Medium_of_Instruction_Enrolment_in_Medium_1: Primary_Only
ENRE12,Medium_of_Instruction_Enrolment_in_Medium_1: Primary_with_Upper_Primary
ENRE13,Medium_of_Instruction_Enrolment_in_Medium_1: Primary_with_upper_Primary_Sec/H.Sec
ENRE14,Medium_of_Instruction_Enrolment_in_Medium_1: Upper_Primary_Only
ENRE15,Medium_of_Instruction_Enrolment_in_Medium_1: Upper_Primary_with_Sec./H.Sec
ENRE16,Medium_of_Instruction_Enrolment_in_Medium_1: Primary_with_upper_Primary_Sec
ENRE17,Medium_of_Instruction_Enrolment_in_Medium_1: Upper_Primary_with_Sec.
ENRE21,Medium_of_Instruction_Enrolment_in_Medium_2: Primary_Only
ENRE22,Medium_of_Instruction_Enrolment_in_Medium_2: Primary_with_Upper_Primary
ENRE23,Medium_of_Instruction_Enrolment_in_Medium_2: Primary_with_upper_Primary_Sec/H.Sec
ENRE24,Medium_of_Instruction_Enrolment_in_Medium_2: Upper_Primary_Only
ENRE25,Medium_of_Instruction_Enrolment_in_Medium_2: Upper_Primary_with_Sec./H.Sec
ENRE26,Medium_of_Instruction_Enrolment_in_Medium_2: Primary_with_upper_Primary_Sec
ENRE27,Medium_of_Instruction_Enrolment_in_Medium_2: Upper_Primary_with_Sec.
ENRE31,Medium_of_Instruction_Enrolment_in_Medium_3: Primary_Only
ENRE32,Medium_of_Instruction_Enrolment_in_Medium_3: Primary_with_Upper_Primary
ENRE33,Medium_of_Instruction_Enrolment_in_Medium_3: Primary_with_upper_Primary_Sec/H.Sec
ENRE34,Medium_of_Instruction_Enrolment_in_Medium_3: Upper_Primary_Only
ENRE35,Medium_of_Instruction_Enrolment_in_Medium_3: Upper_Primary_with_Sec./H.Sec
ENRE36,Medium_of_Instruction_Enrolment_in_Medium_3: Primary_with_upper_Primary_Sec
ENRE37,Medium_of_Instruction_Enrolment_in_Medium_3: Upper_Primary_with_Sec.
ENRE41,Medium_of_Instruction_Enrolment_in_Medium_4: Primary_Only
ENRE42,Medium_of_Instruction_Enrolment_in_Medium_4: Primary_with_Upper_Primary
ENRE43,Medium_of_Instruction_Enrolment_in_Medium_4: Primary_with_upper_Primary_Sec/H.Sec
ENRE44,Medium_of_Instruction_Enrolment_in_Medium_4: Upper_Primary_Only
ENRE45,Medium_of_Instruction_Enrolment_in_Medium_4: Upper_Primary_with_Sec./H.Sec
ENRE46,Medium_of_Instruction_Enrolment_in_Medium_4: Primary_with_upper_Primary_Sec
ENRE47,Medium_of_Instruction_Enrolment_in_Medium_4: Upper_Primary_with_Sec.
ENRE51,Medium_of_Instruction_Enrolment_in_Medium_5: Primary_Only
ENRE52,Medium_of_Instruction_Enrolment_in_Medium_5: Primary_with_Upper_Primary
ENRE53,Medium_of_Instruction_Enrolment_in_Medium_5: Primary_with_upper_Primary_Sec/H.Sec
ENRE54,Medium_of_Instruction_Enrolment_in_Medium_5: Upper_Primary_Only
ENRE55,Medium_of_Instruction_Enrolment_in_Medium_5: Upper_Primary_with_Sec./H.Sec
ENRE56,Medium_of_Instruction_Enrolment_in_Medium_5: Primary_with_upper_Primary_Sec
ENRE57,Medium_of_Instruction_Enrolment_in_Medium_5: Upper_Primary_with_Sec.
TCH_5556M,Teachers_by_Age_Between_55-56: Male
TCH_5556F,Teachers_by_Age_Between_55-56: Female
TCH_5556T,Teachers_by_Age_Between_55-56: Total
TCH_5758M,Teachers_by_Age_Between_57-58: Male
TCH_5758F,Teachers_by_Age_Between_57-58: Female
TCH_5758T,Teachers_by_Age_Between_57-58: Total
TCH_5960M,Teachers_by_Age_Between_59-60: Male
TCH_5960F,Teachers_by_Age_Between_59-60: Female
TCH_5960T,Teachers_by_Age_Between_59-60: Total
PPTR30,Schools_with_PTR_Above_30: Primary_Level
UPTR35,Schools_with_PTR_Above_35: Upper_Primary
PSCR30,Schools_with_SCR_Above_30: Primary_Level
USCR35,Schools_with_SCR_Above_35: Upper_Primary
NOTCH_ASS,Non-Teaching_Assignment_Total_Days: Total_Days
TCHINV,Non-Teaching_Assignment_Total_Teachers_involved: Total_Teachers_involved
PTXT_ALL,Incentives_Primary_TextBook: All_
PTXT_SC,Incentives_Primary_TextBook: SC
PTXT_ST,Incentives_Primary_TextBook: ST
PUNI_ALL,Incentives_Primary_Uniform: All_
PUNI_SC,Incentives_Primary_Uniform: SC
PUNI_ST,Incentives_Primary_Uniform: ST
UTXT_ALL,Incentives_Upper_Primary_TextBook: All_
UTXT_SC,Incentives_Upper_Primary_TextBook: SC
UTXT_ST,Incentives_Upper_Primary_TextBook: ST
UUNI_ALL,Incentives_Upper_Primary_Uniform: All_
UUNI_SC,Incentives_Upper_Primary_Uniform: SC
UUNI_ST,Incentives_Upper_Primary_Uniform: ST
TOTCLS1G,Total_Classrooms_Primary_Only: Primary_Only
TOTCLS2G,Total_Classrooms_Primary_with_Upper_Primary: Primary_with_Upper_Primary
TOTCLS3G,Total_Classrooms_Primary_with_upper_Primary_Sec/H.Sec: Primary_with_upper_Primary_Sec/H.Sec
TOTCLS4G,Total_Classrooms_Upper_Primary_Only: Upper_Primary_Only
TOTCLS5G,Total_Classrooms_Upper_Primary_with_Sec./H.Sec: Upper_Primary_with_Sec./H.Sec
TOTCLS6G,Total_Classrooms_Primary_with_upper_Primary_Sec: Primary_with_upper_Primary_Sec
TOTCLS7G,Total_Classrooms_Upper_Primary_with_Sec.: Upper_Primary_with_Sec.
